University,Campus_Code,Code,Study_Program,Status,Level,Accreditation,Reporting_Year,Number_of_Permanent_Lecturers,Number_of_Students,Ratio,Study_Program_Area,Major_Classification
Universitas Telkom,41057,63211,Administrasi Bisnis,Aktif,S1,A,2019,41,1438,01:35.1,ekonomi,
Universitas Telkom,41057,62201,Akuntansi,Aktif,S1,A,2019,28,1204,01:43.0,ekonomi,
Universitas Telkom,41057,90221,Desain Interior,Aktif,S1,A,2019,41,1000,01:24.4,seni,
Universitas Telkom,41057,90241,Desain Komunikasi Visual,Aktif,S1,A,2019,72,1728,01:24.0,seni,
Universitas Telkom,41057,90231,Desain Produk,Aktif,S1,A,2019,17,358,01:21.1,seni,
Universitas Telkom,41057,70201,Ilmu Komunikasi,Aktif,S1,A,2019,39,1493,01:38.3,sosial,
Universitas Telkom,41057,55201,Informatika,Aktif,S1,A,2019,15,519,01:34.6,teknik,
Universitas Telkom,41057,90211,Kriya,Aktif,S1,A,2019,1,118,02:58.0,seni,
Universitas Telkom,41057,90211,Kriya Seni,Alih Bentuk,S1,A,2019,0,0,-,seni,
Universitas Telkom,41057,61201,Manajemen,Aktif,S1,A,2019,59,2041,01:34.6,ekonomi,
Universitas Telkom,41057,90201,Seni Rupa,Aktif,S1,A,2019,2,132,02:06.0,seni,
Universitas Telkom,41057,90201,Seni Rupa Murni,Alih Bentuk,S1,A,2019,0,0,-,seni,
Universitas Telkom,41057,57201,Sistem Informasi,Aktif,S1,A,2019,54,1466,01:27.2,teknik,
Universitas Telkom,41057,20201,Teknik Elektro,Aktif,S1,A,2019,44,1122,01:25.5,teknik,
Universitas Telkom,41057,30201,Teknik Fisika,Aktif,S1,A,2019,26,481,01:18.5,teknik,
Universitas Telkom,41057,26201,Teknik Industri,Aktif,S1,A,2019,70,1701,01:24.3,teknik,
Universitas Telkom,41057,55201,Teknik Informatika,Alih Bentuk,S1,A,2019,0,0,-,teknik,
Universitas Telkom,41057,20202,Teknik Telekomunikasi,Aktif,S1,A,2019,88,1836,01:20.9,teknik,
Universitas Telkom,41057,71441,Hubungan Masyarakat,Aktif,S1,B,2019,9,414,01:46.0,humaniora,
Universitas Telkom,41057,59202,Ilmu Komputasi,Alih Bentuk,S1,B,2019,0,0,-,teknik,
Universitas Telkom,41057,59202,Rekayasa Perangkat Lunak,Aktif,S1,B,2019,10,111,01:11.1,teknik,
Universitas Telkom,41057,56201,Sistem Komputer,Alih Bentuk,S1,B,2019,0,0,-,teknik,
Universitas Telkom,41057,56202,Teknik Komputer,Aktif,S1,B,2019,3,0,-,teknik,
Universitas Telkom,41057,59201,Teknologi Informasi,Aktif,S1,B,2019,7,342,01:48.9,teknik,
Universitas Telkom,41057,55203,PJJ Informatika,Aktif,S1,-,2019,6,4,01:00.7,teknik,
Universitas Telkom,41057,63315,Teknik Logistik,Aktif,S1,-,2019,6,56,01:09.3,teknik,
Universitas Gadjah Mada,1001,82201,Antropologi Budaya,Aktif,S1,A,2019,7,250,01:35.7,humaniora,
Universitas Gadjah Mada,1001,54299,Ekonomi Pertanian dan Agribisnis,Aktif,S1,A,2019,13,312,01:24.0,ekonomi,
Universitas Gadjah Mada,1001,75201,Filsafat,Aktif,S1,A,2019,23,649,01:28.2,humaniora,
Universitas Gadjah Mada,1001,13211,Gizi Kesehatan,Aktif,S1,A,2019,14,327,01:23.4,kesehatan,
Universitas Gadjah Mada,1001,54259,Kehutanan (budidaya Hutan),Tutup,S1,A,2019,0,0,-,mipa,
Universitas Gadjah Mada,1001,54256,Kehutanan (konservasi Sd Hutan),Tutup,S1,A,2019,0,0,-,mipa,
Universitas Gadjah Mada,1001,54258,Kehutanan (manajemen Hutan),Tutup,S1,A,2019,0,0,-,mipa,
Universitas Gadjah Mada,1001,54251,Kehutanan (tek Hasil Hutan),Tutup,S1,A,2019,0,0,-,mipa,
Universitas Gadjah Mada,1001,63201,Manajemen dan Kebijakan Publik,Aktif,S1,A,2019,11,439,01:39.9,ekonomi,
Universitas Gadjah Mada,1001,54242,Manajemen Sumberdaya Akuatik,Aktif,S1,A,2019,9,220,01:24.4,mipa,
Universitas Gadjah Mada,1001,46202,Mikrobiologi Pertanian,Aktif,S1,A,2019,5,154,01:30.8,mipa,
Universitas Gadjah Mada,1001,68201,Pembangunan Sosial dan Kesejahteraan,Aktif,S1,A,2019,12,318,01:26.5,humaniora,
Universitas Gadjah Mada,1001,95203,Pembangunan Wilayah,Aktif,S1,A,2019,10,287,01:28.7,humaniora,
Universitas Gadjah Mada,1001,54293,Pemuliaan Tanaman,Aktif,S1,A,2019,14,0,-,mipa,
Universitas Gadjah Mada,1001,65201,Politik dan Pemerintahan,Aktif,S1,A,2019,16,341,01:21.3,sosial,
Universitas Gadjah Mada,1001,79205,Sastra Prancis,Aktif,S1,A,2019,6,107,01:17.8,humaniora,
Universitas Gadjah Mada,1001,37201,Teknik Nuklir,Aktif,S1,A,2019,14,167,01:11.9,teknik,
Universitas Gadjah Mada,1001,41231,Teknologi Pangan dan Hasil Pertanian,Aktif,S1,A,2019,17,392,01:23.1,teknik,
Universitas Gadjah Mada,1001,14202,Higiene Gigi,Aktif,S1,B,2019,9,160,01:17.8,kesehatan,
Universitas Gadjah Mada,1001,30202,Elektronika dan Instrumentasi,Aktif,S1,Unggul,2019,16,334,01:20.9,ekonomi,
Universitas Gadjah Mada,1001,25201,Geografi Lingkungan,Aktif,S1,Unggul,2019,15,402,01:26.8,mipa,
Universitas Gadjah Mada,1001,54231,Ilmu dan Industri Peternakan,Aktif,S1,Unggul,2019,46,1082,01:23.5,mipa,
Universitas Gadjah Mada,1001,51211,Kartografi dan Penginderaan Jauh,Aktif,S1,Unggul,2019,12,296,01:24.7,mipa,
Universitas Gadjah Mada,1001,54298,Penyuluhan dan Komunikasi Pertanian,Aktif,S1,-,2019,10,132,01:13.2,mipa,
Universitas Airlangga,1004,62201,Akuntansi,Aktif,S1,A,2019,27,1199,01:44.4,ekonomi,
Universitas Airlangga,1004,82201,Antropologi,Aktif,S1,A,2019,12,414,01:34.5,humaniora,
Universitas Airlangga,1004,79201,Bahasa dan Sastra Indonesia,Aktif,S1,A,2019,16,656,01:41.0,humaniora,
Universitas Airlangga,1004,79202,Bahasa dan Sastra Inggris,Aktif,S1,A,2019,26,724,01:27.9,humaniora,
Universitas Airlangga,1004,60202,Ekonomi Islam,Aktif,S1,A,2019,16,848,01:53.0,ekonomi,
Universitas Airlangga,1004,60201,Ekonomi Pembangunan,Aktif,S1,A,2019,15,794,01:52.9,ekonomi,
Universitas Airlangga,1004,48201,Farmasi,Aktif,S1,A,2019,63,912,01:14.5,kesehatan,
Universitas Airlangga,1004,13211,Gizi,Aktif,S1,A,2019,8,368,01:46.0,kesehatan,
Universitas Airlangga,1004,63201,Ilmu Administrasi Negara,Aktif,S1,A,2019,7,461,02:05.9,sosial,
Universitas Airlangga,1004,64201,Ilmu Hubungan Internasional,Aktif,S1,A,2019,11,434,01:39.5,sosial,
Universitas Airlangga,1004,71201,Ilmu Informasi dan Perpustakaan,Tutup,S1,A,2019,0,0,-,sosial,
Universitas Airlangga,1004,70201,Ilmu Komunikasi,Aktif,S1,A,2019,12,442,01:36.8,sosial,
Universitas Airlangga,1004,67201,Ilmu Politik,Aktif,S1,A,2019,9,432,01:48.0,humaniora,
Universitas Airlangga,1004,80201,Ilmu Sejarah,Aktif,S1,A,2019,15,429,01:28.6,humaniora,
Universitas Airlangga,1004,15201,Kebidanan,Aktif,S1,A,2019,14,273,01:19.5,kesehatan,
Universitas Airlangga,1004,11201,Kedokteran,Aktif,S1,A,2019,48,876,01:18.3,kesehatan,
Universitas Airlangga,1004,12201,Kedokteran Gigi,Aktif,S1,A,2019,54,502,01:09.3,kesehatan,
Universitas Airlangga,1004,54261,Kedokteran Hewan,Aktif,S1,A,2019,41,1042,01:25.4,kesehatan,
Universitas Airlangga,1004,14201,Keperawatan,Aktif,S1,A,2019,27,693,01:25.7,kesehatan,
Universitas Airlangga,1004,13201,Kesehatan Masyarakat,Aktif,S1,A,2019,53,1020,01:19.3,kesehatan,
Universitas Airlangga,1004,61201,Manajemen,Aktif,S1,A,2019,17,1329,02:18.2,ekonomi,
Universitas Airlangga,1004,57201,Sistem Informasi,Aktif,S1,A,2019,10,273,01:27.3,teknik,
Universitas Airlangga,1004,69201,Sosiologi,Aktif,S1,A,2019,8,421,01:52.6,sosial,
Universitas Airlangga,1004,49201,Statistika,Aktif,S1,A,2019,9,251,01:27.9,mipa,
Universitas Airlangga,1004,79204,Studi Kejepangan,Aktif,S1,A,2019,11,299,01:27.2,humaniora,
Universitas Airlangga,1004,11410,Teknik Biomedis,Aktif,S1,A,2019,8,229,01:28.6,teknik,
Universitas Airlangga,1004,25201,Teknik Lingkungan,Aktif,S1,A,2019,7,246,01:35.1,teknik,
Universitas Airlangga,1004,54253,Akuakultur K. Banyuwangi,Aktif,S1,B,2019,8,155,01:19.4,pertanian,
Universitas Airlangga,1004,62102,Akuntansi K. Banyuwangi,Aktif,S1,B,2019,7,166,01:23.7,pertanian,
Universitas Airlangga,1004,71202,Ilmu Informasi dan Perpustakaan,Aktif,S1,B,2019,12,405,01:33.8,sosial,
Universitas Airlangga,1004,54262,Kedokteran Hewan K. Banyuwangi,Aktif,S1,B,2019,14,179,01:12.8,kesehatan,
Universitas Airlangga,1004,13202,Kesehatan Masyarakat K. Banyuwangi,Aktif,S1,B,2019,9,170,01:18.9,kesehatan,
Universitas Airlangga,1004,54249,Teknologi Hasil Perikanan,Aktif,S1,B,2019,11,371,01:33.7,pertanian,
Universitas Airlangga,1004,54243,Akuakultur,Aktif,S1,Unggul,2019,20,755,01:37.8,pertanian,
Universitas Airlangga,1004,46201,Biologi,Aktif,S1,Unggul,2019,24,360,01:15.0,mipa,
Universitas Airlangga,1004,45201,Fisika,Aktif,S1,Unggul,2019,19,371,01:19.5,mipa,
Universitas Airlangga,1004,74201,Ilmu Hukum,Aktif,S1,Unggul,2019,46,865,01:18.8,humaniora,
Universitas Airlangga,1004,47201,Kimia,Aktif,S1,Unggul,2019,22,368,01:16.7,mipa,
Universitas Airlangga,1004,44201,Matematika,Aktif,S1,Unggul,2019,20,434,01:21.7,mipa,
Universitas Airlangga,1004,73201,Psikologi,Aktif,S1,Unggul,2019,21,896,01:42.7,humaniora,
Universitas Airlangga,1004,30203,Rekayasa Nanoteknologi,Aktif,S1,-,2019,2,0,-,teknik,
Universitas Airlangga,1004,20201,Teknik Elektro,Aktif,S1,-,2019,1,0,-,teknik,
Universitas Airlangga,1004,26201,Teknik Industri,Aktif,S1,-,2019,0,0,-,teknik,
Universitas Airlangga,1004,56203,Teknik Robotika dan Kecerdasan Buatan,Aktif,S1,-,2019,0,0,-,teknik,
Universitas Airlangga,1004,49202,Teknologi Sains Data,Aktif,S1,-,2019,0,0,-,teknik,
Universitas Diponegoro,1008,63211,Administrasi Bisnis,Aktif,S1,A,2019,16,643,01:40.2,ekonomi,
Universitas Diponegoro,1008,63201,Administrasi Publik,Aktif,S1,A,2019,17,586,01:34.5,sosial,
Universitas Diponegoro,1008,54201,Agribisnis,Aktif,S1,A,2019,12,436,01:36.3,pertanian,
Universitas Diponegoro,1008,54211,Agroekoteknologi,Aktif,S1,A,2019,15,470,01:31.3,pertanian,
Universitas Diponegoro,1008,54243,Akuakultur,Aktif,S1,A,2019,27,534,01:19.8,pertanian,
Universitas Diponegoro,1008,62201,Akuntansi,Aktif,S1,A,2019,19,1158,02:00.9,ekonomi,
Universitas Diponegoro,1008,23201,Arsitektur,Aktif,S1,A,2019,17,592,01:34.8,teknik,
Universitas Diponegoro,1008,79204,Bahasa dan Kebudayaan Jepang,Aktif,S1,A,2019,6,460,02:16.7,humaniora,
Universitas Diponegoro,1008,46201,Biologi,Aktif,S1,A,2019,29,554,01:19.1,mipa,
Universitas Diponegoro,1008,60201,Ekonomi,Aktif,S1,A,2019,16,909,01:56.8,ekonomi,
Universitas Diponegoro,1008,60202,Ekonomi Islam,Aktif,S1,A,2019,9,507,01:56.3,ekonomi,
Universitas Diponegoro,1008,45201,Fisika,Aktif,S1,A,2019,23,531,01:23.1,mipa,
Universitas Diponegoro,1008,13211,Gizi,Aktif,S1,A,2019,23,578,01:25.1,kesehatan,
Universitas Diponegoro,1008,74201,Hukum,Aktif,S1,A,2019,81,2642,01:32.6,humaniora,
Universitas Diponegoro,1008,54241,Ilmu Kelautan,Aktif,S1,A,2019,26,748,01:28.8,teknik,
Universitas Diponegoro,1008,70201,Ilmu Komunikasi,Aktif,S1,A,2019,17,658,01:38.7,sosial,
Universitas Diponegoro,1008,65201,Ilmu Pemerintahan,Aktif,S1,A,2019,13,519,01:39.9,sosial,
Universitas Diponegoro,1008,71201,Ilmu Perpustakaan,Aktif,S1,A,2019,11,477,01:43.4,humaniora,
Universitas Diponegoro,1008,11201,Kedokteran,Aktif,S1,A,2019,46,0,-,kesehatan,
Universitas Diponegoro,1008,14201,Keperawatan,Aktif,S1,A,2019,24,628,01:26.2,kesehatan,
Universitas Diponegoro,1008,13201,Kesehatan Masyarakat,Aktif,S1,A,2019,42,1515,01:36.1,kesehatan,
Universitas Diponegoro,1008,47201,Kimia,Aktif,S1,A,2019,27,538,01:19.9,mipa,
Universitas Diponegoro,1008,61201,Manajemen,Aktif,S1,A,2019,32,1423,01:44.5,ekonomi,
Universitas Diponegoro,1008,54242,Manajemen Sumber Daya Perairan,Aktif,S1,A,2019,11,368,01:33.5,teknik,
Universitas Diponegoro,1008,44201,Matematika,Aktif,S1,A,2019,17,468,01:27.5,mipa,
Universitas Diponegoro,1008,38201,Oseanografi,Aktif,S1,A,2019,28,492,01:17.6,teknik,
Universitas Diponegoro,1008,35201,Perencanaan Wilayah Dan Kota,Aktif,S1,A,2019,33,634,01:19.2,teknik,
Universitas Diponegoro,1008,54246,Perikanan Tangkap,Aktif,S1,A,2019,19,392,01:20.6,teknik,
Universitas Diponegoro,1008,54231,Peternakan,Aktif,S1,A,2019,37,1007,01:27.2,pertanian,
Universitas Diponegoro,1008,73201,Psikologi,Aktif,S1,A,2019,34,1076,01:31.6,humaniora,
Universitas Diponegoro,1008,79201,Sastra Indonesia,Aktif,S1,A,2019,8,533,02:06.6,humaniora,
Universitas Diponegoro,1008,79202,Sastra Inggris,Aktif,S1,A,2019,16,609,01:38.1,humaniora,
Universitas Diponegoro,1008,80201,Sejarah,Aktif,S1,A,2019,5,534,02:46.8,humaniora,
Universitas Diponegoro,1008,49201,Statistika,Aktif,S1,A,2019,21,518,01:24.7,mipa,
Universitas Diponegoro,1008,20201,Teknik Elektro,Aktif,S1,A,2019,27,620,01:23.0,teknik,
Universitas Diponegoro,1008,29201,Teknik Geodesi,Aktif,S1,A,2019,13,413,01:31.8,teknik,
Universitas Diponegoro,1008,26201,Teknik Industri,Aktif,S1,A,2019,17,689,01:40.5,teknik,
Universitas Diponegoro,1008,24201,Teknik Kimia,Aktif,S1,A,2019,18,717,01:39.8,teknik,
Universitas Diponegoro,1008,25201,Teknik Lingkungan,Aktif,S1,A,2019,17,462,01:27.2,teknik,
Universitas Diponegoro,1008,21201,Teknik Mesin,Aktif,S1,A,2019,23,731,01:31.8,teknik,
Universitas Diponegoro,1008,36201,Teknik Perkapalan,Aktif,S1,A,2019,16,602,01:37.6,teknik,
Universitas Diponegoro,1008,22201,Teknik Sipil,Aktif,S1,A,2019,37,597,01:16.1,teknik,
Universitas Diponegoro,1008,54244,Teknologi Hasil Perikanan,Aktif,S1,A,2019,17,420,01:24.7,pertanian,
Universitas Diponegoro,1008,41221,Teknologi Pangan,Aktif,S1,A,2019,14,417,01:29.8,pertanian,
Universitas Diponegoro,1008,82201,Antropologi Sosial,Aktif,S1,B,2019,6,403,02:07.2,humaniora,
Universitas Diponegoro,1008,64201,Hubungan Internasional,Aktif,S1,B,2019,12,450,01:37.5,sosial,
Universitas Diponegoro,1008,55201,Informatika,Aktif,S1,B,2019,21,633,01:30.1,teknik,
Universitas Diponegoro,1008,34201,Teknik Geologi,Aktif,S1,B,2019,14,397,01:28.4,teknik,
Universitas Diponegoro,1008,56201,Teknik Komputer,Aktif,S1,B,2019,14,493,01:35.2,teknik,
Universitas Diponegoro,1008,54207,Bioteknologi,Aktif,S1,-,2019,6,140,01:23.3,mipa,
Universitas Diponegoro,1008,48201,Farmasi,Aktif,S1,-,2019,8,216,01:27.0,kesehatan,
Universitas Diponegoro,1008,12201,Kedokteran Gigi,Aktif,S1,-,2019,4,181,01:45.3,kesehatan,
Universitas Sumatera Utara,1003,62201,Akuntansi,Aktif,S1,A,2019,19,865,01:45.5,ekonomi,
Universitas Sumatera Utara,1003,82201,Antropologi Sosial,Aktif,S1,A,2019,16,336,01:21.0,humaniora,
Universitas Sumatera Utara,1003,23201,Arsitektur,Aktif,S1,A,2019,19,620,01:32.6,teknik,
Universitas Sumatera Utara,1003,46201,Biologi,Aktif,S1,A,2019,16,364,01:22.7,mipa,
Universitas Sumatera Utara,1003,60201,Ekonomi Pembangunan,Aktif,S1,A,2019,19,754,01:39.7,ekonomi,
Universitas Sumatera Utara,1003,91201,Etnomusikologi,Aktif,S1,A,2019,14,265,01:18.9,seni,
Universitas Sumatera Utara,1003,48201,Farmasi,Aktif,S1,A,2019,27,831,01:30.8,kesehatan,
Universitas Sumatera Utara,1003,63211,Ilmu Administrasi Bisnis,Aktif,S1,A,2019,10,346,01:34.6,ekonomi,
Universitas Sumatera Utara,1003,63201,Ilmu Administrasi Publik,Aktif,S1,A,2019,16,599,01:37.4,sosial,
Universitas Sumatera Utara,1003,41203,Ilmu dan Teknologi Pangan,Aktif,S1,A,2019,13,352,01:27.1,pertanian,
Universitas Sumatera Utara,1003,74201,Ilmu Hukum,Aktif,S1,A,2019,73,2272,01:31.1,humaniora,
Universitas Sumatera Utara,1003,14201,Ilmu Keperawatan,Aktif,S1,A,2019,35,614,01:17.5,kesehatan,
Universitas Sumatera Utara,1003,72201,Ilmu Kesejahteraan Sosial,Aktif,S1,A,2019,14,378,01:27.0,sosial,
Universitas Sumatera Utara,1003,55201,Ilmu Komputer,Aktif,S1,A,2019,22,564,01:25.6,teknik,
Universitas Sumatera Utara,1003,70201,Ilmu Komunikasi,Aktif,S1,A,2019,15,493,01:32.9,sosial,
Universitas Sumatera Utara,1003,71201,Ilmu Perpustakaan,Aktif,S1,A,2019,12,310,01:25.8,humaniora,
Universitas Sumatera Utara,1003,67201,Ilmu Politik,Aktif,S1,A,2019,14,367,01:26.2,humaniora,
Universitas Sumatera Utara,1003,13201,Kesehatan Masyarakat,Aktif,S1,A,2019,45,1385,01:30.8,kesehatan,
Universitas Sumatera Utara,1003,47201,Kimia,Aktif,S1,A,2019,21,558,01:26.6,mipa,
Universitas Sumatera Utara,1003,61201,Manajemen,Aktif,S1,A,2019,19,794,01:41.8,ekonomi,
Universitas Sumatera Utara,1003,11201,Pendidikan Dokter,Aktif,S1,A,2019,261,759,01:02.9,kesehatan,
Universitas Sumatera Utara,1003,12201,Pendidikan Dokter Gigi,Aktif,S1,A,2019,54,977,01:18.1,kesehatan,
Universitas Sumatera Utara,1003,71201,Perpustakaan dan Sains Informasi,Aktif,S1,A,2019,0,0,-,sosial,
Universitas Sumatera Utara,1003,54231,Peternakan,Aktif,S1,A,2019,17,412,01:24.2,pertanian,
Universitas Sumatera Utara,1003,79203,Sastra Arab,Aktif,S1,A,2019,15,308,01:20.5,humaniora,
Universitas Sumatera Utara,1003,79202,Sastra Inggris,Aktif,S1,A,2019,14,443,01:31.6,humaniora,
Universitas Sumatera Utara,1003,69201,Sosiologi,Aktif,S1,A,2019,12,382,01:31.8,sosial,
Universitas Sumatera Utara,1003,20201,Teknik Elektro,Aktif,S1,A,2019,18,632,01:35.1,teknik,
Universitas Sumatera Utara,1003,26201,Teknik Industri,Aktif,S1,A,2019,14,573,01:40.9,teknik,
Universitas Sumatera Utara,1003,24201,Teknik Kimia,Aktif,S1,A,2019,17,642,01:37.8,teknik,
Universitas Sumatera Utara,1003,21201,Teknik Mesin,Aktif,S1,A,2019,14,607,01:43.4,teknik,
Universitas Sumatera Utara,1003,59201,Teknologi Informasi,Aktif,S1,A,2019,23,670,01:29.1,teknik,
Universitas Sumatera Utara,1003,54201,Agribisnis,Aktif,S1,B,2019,21,673,01:32.0,pertanian,
Universitas Sumatera Utara,1003,54211,Agroteknologi,Aktif,S1,B,2019,47,1115,01:23.7,pertanian,
Universitas Sumatera Utara,1003,45201,Fisika,Aktif,S1,B,2019,23,391,01:17.0,mipa,
Universitas Sumatera Utara,1003,80201,Ilmu Sejarah,Aktif,S1,B,2019,11,208,01:18.9,humaniora,
Universitas Sumatera Utara,1003,54251,Kehutanan,Aktif,S1,B,2019,34,718,01:21.1,mipa,
Universitas Sumatera Utara,1003,41201,Keteknikan Pertanian,Aktif,S1,B,2019,13,305,01:23.5,pertanian,
Universitas Sumatera Utara,1003,54242,Manajemen Sumber Daya Perairan,Aktif,S1,B,2019,13,256,01:19.7,teknik,
Universitas Sumatera Utara,1003,44201,Matematika,Aktif,S1,B,2019,14,415,01:29.6,mipa,
Universitas Sumatera Utara,1003,73201,Psikologi,Aktif,S1,B,2019,28,955,01:34.1,humaniora,
Universitas Sumatera Utara,1003,79211,Sastra Batak,Aktif,S1,B,2019,13,141,01:10.8,humaniora,
Universitas Sumatera Utara,1003,79209,Sastra Cina,Aktif,S1,B,2019,5,178,01:35.6,humaniora,
Universitas Sumatera Utara,1003,79201,Sastra Indonesia,Aktif,S1,B,2019,20,351,01:17.6,humaniora,
Universitas Sumatera Utara,1003,79204,Sastra Jepang,Aktif,S1,B,2019,8,275,01:34.4,humaniora,
Universitas Sumatera Utara,1003,79212,Sastra Melayu,Aktif,S1,B,2019,4,192,01:48.0,humaniora,
Universitas Sumatera Utara,1003,25201,Teknik Lingkungan,Aktif,S1,B,2019,13,241,01:18.5,teknik,
Universitas Sumatera Utara,1003,22201,Teknik Sipil,Aktif,S1,B,2019,24,614,01:25.6,teknik,
Universitas Sumatera Utara,1003,79214,Bahasa Mandarin,Aktif,S1,-,2019,0,0,-,humaniora,
Universitas Sam Ratulangi,1012,62201,Akuntansi,Aktif,S1,A,2019,30,1742,01:58.1,ekonomi,
Universitas Sam Ratulangi,1012,23201,Arsitektur,Aktif,S1,A,2019,31,543,01:17.5,teknik,
Universitas Sam Ratulangi,1012,46201,Biologi,Aktif,S1,A,2019,30,298,01:09.9,mipa,
Universitas Sam Ratulangi,1012,54243,Budidaya Perairan,Aktif,S1,A,2019,23,145,01:06.3,pertanian,
Universitas Sam Ratulangi,1012,60201,Ekonomi Pembangunan,Aktif,S1,A,2019,21,842,01:40.1,ekonomi,
Universitas Sam Ratulangi,1012,54241,Ilmu Kelautan,Aktif,S1,A,2019,30,442,01:14.7,teknik,
Universitas Sam Ratulangi,1012,61201,Manajemen,Aktif,S1,A,2019,54,2856,01:52.9,ekonomi,
Universitas Sam Ratulangi,1012,54246,Pemanfaatan Sumber Daya Perikanan,Aktif,S1,A,2019,18,149,01:08.3,pertanian,
Universitas Sam Ratulangi,1012,11201,Pendidikan Dokter,Aktif,S1,A,2019,85,501,01:05.9,kesehatan,
Universitas Sam Ratulangi,1012,35201,Perencanaan Wilayah Dan Kota,Aktif,S1,A,2019,7,479,02:08.4,teknik,
Universitas Sam Ratulangi,1012,54231,Peternakan,Aktif,S1,A,2019,123,953,01:07.8,pertanian,
Universitas Sam Ratulangi,1012,69201,Sosiologi,Aktif,S1,A,2019,15,236,01:15.7,sosial,
Universitas Sam Ratulangi,1012,55201,Teknik Informatika,Aktif,S1,A,2019,27,822,01:30.4,teknik,
Universitas Sam Ratulangi,1012,41201,Teknik Pertanian,Aktif,S1,A,2019,11,472,01:42.9,teknik,
Universitas Sam Ratulangi,1012,22201,Teknik Sipil,Aktif,S1,A,2019,55,892,01:16.2,teknik,
Universitas Sam Ratulangi,1012,54244,Teknologi Hasil Perikanan,Aktif,S1,A,2019,22,142,01:06.5,pertanian,
Universitas Sam Ratulangi,1012,54201,Agribisnis,Aktif,S1,B,2019,30,1125,01:37.5,pertanian,
Universitas Sam Ratulangi,1012,54245,Agrobisnis Perikanan,Aktif,S1,B,2019,16,239,01:14.9,pertanian,
Universitas Sam Ratulangi,1012,54211,Agroteknologi,Aktif,S1,B,2019,31,273,01:08.8,pertanian,
Universitas Sam Ratulangi,1012,82201,Antropologi Sosial,Aktif,S1,B,2019,9,174,01:19.3,humaniora,
Universitas Sam Ratulangi,1012,48201,Farmasi,Aktif,S1,B,2019,21,506,01:24.1,kesehatan,
Universitas Sam Ratulangi,1012,45201,Fisika,Aktif,S1,B,2019,12,125,01:10.4,mipa,
Universitas Sam Ratulangi,1012,63201,Ilmu Administrasi Negara,Aktif,S1,B,2019,19,828,01:43.6,sosial,
Universitas Sam Ratulangi,1012,63211,Ilmu Administrasi Niaga,Aktif,S1,B,2019,18,644,01:35.8,sosial,
Universitas Sam Ratulangi,1012,74201,Ilmu Hukum,Aktif,S1,B,2019,162,3688,01:22.8,humaniora,
Universitas Sam Ratulangi,1012,14201,Ilmu Keperawatan,Aktif,S1,B,2019,13,375,01:28.9,kesehatan,
Universitas Sam Ratulangi,1012,13201,Ilmu Kesehatan Masyarakat,Aktif,S1,B,2019,39,1414,01:36.3,kesehatan,
Universitas Sam Ratulangi,1012,70201,Ilmu Komunikasi,Aktif,S1,B,2019,25,614,01:24.6,sosial,
Universitas Sam Ratulangi,1012,65201,Ilmu Pemerintahan,Aktif,S1,B,2019,22,1044,01:47.5,sosial,
Universitas Sam Ratulangi,1012,71201,Ilmu Perpustakaan,Aktif,S1,B,2019,4,207,01:51.8,humaniora,
Universitas Sam Ratulangi,1012,67201,Ilmu Politik,Aktif,S1,B,2019,19,461,01:24.3,humaniora,
Universitas Sam Ratulangi,1012,80201,Ilmu Sejarah,Aktif,S1,B,2019,11,86,01:07.8,humaniora,
Universitas Sam Ratulangi,1012,54294,Ilmu Tanah,Aktif,S1,B,2019,17,86,01:05.1,mipa,
Universitas Sam Ratulangi,1012,47201,Kimia,Aktif,S1,B,2019,14,240,01:17.1,mipa,
Universitas Sam Ratulangi,1012,54242,Manajemen Sumber Daya Perairan,Aktif,S1,B,2019,25,157,01:06.3,teknik,
Universitas Sam Ratulangi,1012,44201,Matematika,Aktif,S1,B,2019,11,321,01:29.2,mipa,
Universitas Sam Ratulangi,1012,12201,Pendidikan Dokter Gigi,Aktif,S1,B,2019,13,108,01:08.3,kesehatan,
Universitas Sam Ratulangi,1012,54295,Proteksi Tanaman,Aktif,S1,B,2019,17,82,01:04.8,pertanian,
Universitas Sam Ratulangi,1012,79201,Sastra Indonesia,Aktif,S1,B,2019,9,194,01:21.6,humaniora,
Universitas Sam Ratulangi,1012,79202,Sastra Inggris,Aktif,S1,B,2019,14,1089,02:17.8,humaniora,
Universitas Sam Ratulangi,1012,79206,Sastra Jerman,Aktif,S1,B,2019,14,69,01:04.9,humaniora,
Universitas Sam Ratulangi,1012,20201,Teknik Elektro,Aktif,S1,B,2019,26,405,01:15.6,teknik,
Universitas Sam Ratulangi,1012,21201,Teknik Mesin,Aktif,S1,B,2019,23,369,01:16.0,teknik,
Universitas Sam Ratulangi,1012,41231,Teknologi Pangan,Aktif,S1,B,2019,10,268,01:26.8,pertanian,
Universitas Sam Ratulangi,1012,54204,Agronomi,Aktif,S1,C,2019,16,85,01:05.3,pertanian,
Universitas Sam Ratulangi,1012,54251,Kehutanan,Aktif,S1,C,2019,10,317,01:31.7,mipa,
Universitas Sam Ratulangi,1012,352045,Teknik Lingkungan,Aktif,S1,C,2019,6,153,01:25.5,teknik,
Universitas Sam Ratulangi,1012,41231,Teknologi Hasil Pertanian,Alih Bentuk,S1,C,2019,0,0,-,pertanian,
Universitas Sam Ratulangi,1012,57201,Sistem Informasi,Aktif,S1,Baik,2019,6,216,01:36.0,teknik,
Universitas Sam Ratulangi,1012,41221,Teknologi Pangan,Aktif,S1,-,2019,-,-,-,pertanian,
Universitas Tadulako,1028,62201,Akuntansi,Aktif,S1,A,2019,31,1573,01:50.7,ekonomi,
Universitas Tadulako,1028,82201,Antropologi,Aktif,S1,A,2019,13,520,01:40.0,humaniora,
Universitas Tadulako,1028,46201,Biologi,Aktif,S1,A,2019,17,433,01:25.5,mipa,
Universitas Tadulako,1028,47201,Kimia,Aktif,S1,A,2019,20,359,01:18.0,mipa,
Universitas Tadulako,1028,84203,Pendidikan Fisika,Aktif,S1,A,2019,23,399,01:17.3,pendidikan,
Universitas Tadulako,1028,84204,Pendidikan Kimia,Aktif,S1,A,2019,27,514,01:19.0,pendidikan,
Universitas Tadulako,1028,54201,Agribisnis,Aktif,S1,B,2019,40,1334,01:33.4,pertanian,
Universitas Tadulako,1028,54211,Agroteknologi,Aktif,S1,B,2019,70,1552,01:22.2,pertanian,
Universitas Tadulako,1028,54212,Agroteknologi (Kampus Kab. Morowali),Aktif,S1,B,2019,9,59,01:06.6,pertanian,
Universitas Tadulako,1028,54243,Akuakultur,Aktif,S1,B,2019,26,516,01:19.8,pertanian,
Universitas Tadulako,1028,23201,Arsitektur,Aktif,S1,B,2019,39,805,01:20.6,teknik,
Universitas Tadulako,1028,86201,Bimbingan Dan Konseling,Aktif,S1,B,2019,13,394,01:30.3,humaniora,
Universitas Tadulako,1028,60201,Ekonomi dan Pembangunan,Aktif,S1,B,2019,35,1273,01:36.4,ekonomi,
Universitas Tadulako,1028,48201,Farmasi,Aktif,S1,B,2019,32,1212,01:37.9,kesehatan,
Universitas Tadulako,1028,45201,Fisika,Aktif,S1,B,2019,16,317,01:19.8,mipa,
Universitas Tadulako,1028,63201,Ilmu Administrasi Publik,Aktif,S1,B,2019,38,875,01:23.0,sosial,
Universitas Tadulako,1028,74201,Ilmu Hukum,Aktif,S1,B,2019,109,3028,01:27.8,humaniora,
Universitas Tadulako,1028,70201,Ilmu Komunikasi,Aktif,S1,B,2019,27,850,01:31.5,sosial,
Universitas Tadulako,1028,65201,Ilmu Pemerintahan,Aktif,S1,B,2019,25,915,01:36.6,sosial,
Universitas Tadulako,1028,11201,Kedokteran,Aktif,S1,B,2019,40,417,01:10.4,kesehatan,
Universitas Tadulako,1028,54251,Kehutanan,Aktif,S1,B,2019,38,1411,01:37.1,mipa,
Universitas Tadulako,1028,13201,Kesehatan Masyarakat,Aktif,S1,B,2019,32,897,01:28.0,kesehatan,
Universitas Tadulako,1028,61201,Manajemen,Aktif,S1,B,2019,41,1788,01:43.6,ekonomi,
Universitas Tadulako,1028,61271,Manajemen (Kampus Kab.Morowali),Aktif,S1,B,2019,10,313,01:31.3,ekonomi,
Universitas Tadulako,1028,44201,Matematika,Aktif,S1,B,2019,12,404,01:33.7,mipa,
Universitas Tadulako,1028,88201,Pendidikan Bahasa Dan Sastra Indonesia,Aktif,S1,B,2019,17,691,01:40.7,pendidikan,
Universitas Tadulako,1028,88203,Pendidikan Bahasa Inggris,Aktif,S1,B,2019,34,980,01:28.8,pendidikan,
Universitas Tadulako,1028,84205,Pendidikan Biologi,Aktif,S1,B,2019,27,645,01:23.9,pendidikan,
Universitas Tadulako,1028,87202,Pendidikan Geografi,Aktif,S1,B,2019,15,482,01:32.1,pendidikan,
Universitas Tadulako,1028,86207,Pendidikan Guru Pendidikan Anak Usia Dini,Aktif,S1,B,2019,11,400,01:36.4,pendidikan,
Universitas Tadulako,1028,86206,Pendidikan Guru Sekolah Dasar,Aktif,S1,B,2019,27,1039,01:38.5,pendidikan,
Universitas Tadulako,1028,85201,"Pendidikan Jasmani, Kesehatan Dan Rekreasi",Aktif,S1,B,2019,28,898,01:32.1,pendidikan,
Universitas Tadulako,1028,84202,Pendidikan Matematika,Aktif,S1,B,2019,19,603,01:31.7,pendidikan,
Universitas Tadulako,1028,87205,Pendidikan Pancasila Dan Kewarganegaraan,Aktif,S1,B,2019,11,436,01:39.6,pendidikan,
Universitas Tadulako,1028,87201,Pendidikan Sejarah,Aktif,S1,B,2019,15,488,01:32.5,pendidikan,
Universitas Tadulako,1028,54231,Peternakan,Aktif,S1,B,2019,64,1143,01:17.9,pertanian,
Universitas Tadulako,1028,69201,Sosiologi,Aktif,S1,B,2019,31,885,01:28.5,sosial,
Universitas Tadulako,1028,49201,Statistika,Aktif,S1,B,2019,9,480,01:53.3,mipa,
Universitas Tadulako,1028,20201,Teknik Elektro,Aktif,S1,B,2019,15,447,01:29.8,teknik,
Universitas Tadulako,1028,21201,Teknik Mesin,Aktif,S1,B,2019,8,455,01:56.9,teknik,
Universitas Tadulako,1028,22201,Teknik Sipil,Aktif,S1,B,2019,50,1094,01:21.9,teknik,
Universitas Tadulako,1028,35201,Perencanaan Wilayah dan Kota,Aktif,S1,C,2019,12,602,01:50.2,teknik,
Universitas Tadulako,1028,34201,Teknik Geologi,Aktif,S1,C,2019,19,343,01:18.0,teknik,
Universitas Tadulako,1028,55202,Teknik Informatika,Aktif,S1,C,2019,19,848,01:44.6,teknik,
Universitas Tadulako,1028,54213,Agroteknologi Kampus Kab. Tojo Una-una,Aktif,S1,Baik,2019,8,98,01:12.2,pertanian,
Universitas Tadulako,1028,13211,Gizi,Aktif,S1,-,2019,11,191,01:17.4,kesehatan,
Universitas Tadulako,1028,61272,Manajemen Kampus Kab. Tojo Una-una,Aktif,S1,Baik,2019,8,244,01:30.5,ekonomi,
Universitas Tadulako,1028,88273,PSKGJ Pendidikan Bahasa Inggris,Tutup,S1,-,2019,0,0,-,pendidikan,
Universitas Tadulako,1028,88271,PSKGJ Pendidikan Bahasa Sastra Indonesia dan Daerah,Tutup,S1,-,2019,0,0,-,pendidikan,
Universitas Tadulako,1028,84275,PSKGJ Pendidikan Biologi,Tutup,S1,-,2019,0,0,-,pendidikan,
Universitas Tadulako,1028,84273,PSKGJ Pendidikan Fisika,Tutup,S1,-,2019,0,0,-,pendidikan,
Universitas Tadulako,1028,86276,PSKGJ Pendidikan Guru Sekolah Dasar(PGSD),Tutup,S1,-,2019,0,0,-,pendidikan,
Universitas Tadulako,1028,84274,PSKGJ Pendidikan Kimia,Tutup,S1,-,2019,0,0,-,pendidikan,
Universitas Tadulako,1028,84272,PSKGJ Pendidikan Matematika,Tutup,S1,-,2019,0,0,-,pendidikan,
Universitas Tadulako,1028,87275,PSKGJ Pendidikan Pancasila dan Kewarganegaraan,Tutup,S1,-,2019,0,0,-,pendidikan,
Universitas Tadulako,1028,87271,PSKGJ Pendidikan Sejarah,Tutup,S1,-,2019,0,0,-,pendidikan,
Universitas Tadulako,1028,57201,Sistem Informasi,Aktif,S1,-,2019,-,-,-,teknik,
Universitas Tadulako,1028,33201,Teknik Geofisika,Aktif,S1,Baik,2019,7,149,01:21.3,teknik,
Universitas Tadulako,1028,352045,Teknik Lingkungan,Aktif,S1,-,2019,0,27,-,teknik,
Universitas Tadulako,1028,22211,Teknik Sipil (Kampus Kab. Morowali),Aktif,S1,Baik,2019,7,49,01:07.0,teknik,
Universitas Tadulako,1028,22212,Teknik Sipil Kampus Kab Tojo Una-una,Aktif,S1,Baik,2019,6,36,01:06.0,teknik,
Universitas Indonesia,1002,62201,Akuntansi,Aktif,S1,A,2019,53,1139,01:21.5,ekonomi,
Universitas Indonesia,1002,82201,Antropologi Sosial,Aktif,S1,A,2019,9,0,-,humaniora,
Universitas Indonesia,1002,81201,Arkeologi,Aktif,S1,A,2019,5,204,01:40.8,humaniora,
Universitas Indonesia,1002,23201,Arsitektur,Aktif,S1,A,2019,7,409,01:58.4,teknik,
Universitas Indonesia,1002,90221,Arsitektur Interior,Aktif,S1,A,2019,5,188,01:37.6,teknik,
Universitas Indonesia,1002,79210,Bahasa Dan Kebudayaan Korea,Aktif,S1,A,2019,9,189,01:21.0,humaniora,
Universitas Indonesia,1002,46201,Biologi,Aktif,S1,A,2019,21,538,01:25.6,mipa,
Universitas Indonesia,1002,60202,Ekonomi Islam,Aktif,S1,A,2019,9,164,01:18.2,ekonomi,
Universitas Indonesia,1002,48201,Farmasi,Aktif,S1,A,2019,13,204,01:15.7,kesehatan,
Universitas Indonesia,1002,45201,Fisika,Aktif,S1,A,2019,14,549,01:39.2,mipa,
Universitas Indonesia,1002,51201,Geografi,Aktif,S1,A,2019,11,550,01:50.0,mipa,
Universitas Indonesia,1002,13211,Gizi,Aktif,S1,A,2019,8,1,01:00.1,kesehatan,
Universitas Indonesia,1002,63221,Ilmu Administrasi Fiskal,Aktif,S1,A,2019,13,159,01:12.2,ekonomi,
Universitas Indonesia,1002,63201,Ilmu Administrasi Negara,Aktif,S1,A,2019,16,176,01:11.0,sosial,
Universitas Indonesia,1002,63211,Ilmu Administrasi Niaga,Aktif,S1,A,2019,12,120,01:10.0,sosial,
Universitas Indonesia,1002,60201,Ilmu Ekonomi,Aktif,S1,A,2019,31,528,01:17.0,ekonomi,
Universitas Indonesia,1002,75201,Ilmu Filsafat,Aktif,S1,A,2019,7,169,01:24.1,humaniora,
Universitas Indonesia,1002,64201,Ilmu Hubungan Internasional,Aktif,S1,A,2019,8,0,-,sosial,
Universitas Indonesia,1002,74201,Ilmu Hukum,Aktif,S1,A,2019,72,1864,01:25.9,humaniora,
Universitas Indonesia,1002,14201,Ilmu Keperawatan,Aktif,S1,A,2019,21,68,01:03.2,kesehatan,
Universitas Indonesia,1002,72201,Ilmu Kesejahteraan Sosial,Aktif,S1,A,2019,10,0,-,sosial,
Universitas Indonesia,1002,55201,Ilmu Komputer,Aktif,S1,A,2019,19,288,01:15.2,teknik,
Universitas Indonesia,1002,70201,Ilmu Komunikasi,Aktif,S1,A,2019,14,626,01:44.7,sosial,
Universitas Indonesia,1002,71201,Ilmu Perpustakaan,Aktif,S1,A,2019,10,237,01:23.7,humaniora,
Universitas Indonesia,1002,67201,Ilmu Politik,Aktif,S1,A,2019,15,12,01:00.8,humaniora,
Universitas Indonesia,1002,80201,Ilmu Sejarah,Aktif,S1,A,2019,7,184,01:26.3,humaniora,
Universitas Indonesia,1002,13201,Kesehatan Masyarakat,Aktif,S1,A,2019,27,240,01:08.9,kesehatan,
Universitas Indonesia,1002,66201,Kriminologi,Aktif,S1,A,2019,9,6,01:00.7,sosial,
Universitas Indonesia,1002,61201,Manajemen,Aktif,S1,A,2019,44,1243,01:28.3,ekonomi,
Universitas Indonesia,1002,44201,Matematika,Aktif,S1,A,2019,12,404,01:33.7,mipa,
Universitas Indonesia,1002,11201,Pendidikan Dokter,Aktif,S1,A,2019,107,826,01:07.7,kesehatan,
Universitas Indonesia,1002,12201,Pendidikan Dokter Gigi,Aktif,S1,A,2019,17,381,01:22.4,kesehatan,
Universitas Indonesia,1002,73201,Psikologi,Aktif,S1,A,2019,52,1275,01:24.5,humaniora,
Universitas Indonesia,1002,79203,Sastra Arab,Aktif,S1,A,2019,6,213,01:35.5,humaniora,
Universitas Indonesia,1002,79208,Sastra Belanda,Aktif,S1,A,2019,12,210,01:17.5,humaniora,
Universitas Indonesia,1002,79209,Sastra Cina,Aktif,S1,A,2019,12,204,01:17.0,humaniora,
Universitas Indonesia,1002,79201,Sastra Indonesia,Aktif,S1,A,2019,13,201,01:15.5,humaniora,
Universitas Indonesia,1002,79202,Sastra Inggris,Aktif,S1,A,2019,17,216,01:12.7,humaniora,
Universitas Indonesia,1002,79211,Sastra Jawa,Aktif,S1,A,2019,11,160,01:14.6,humaniora,
Universitas Indonesia,1002,79204,Sastra Jepang,Aktif,S1,A,2019,12,211,01:17.6,humaniora,
Universitas Indonesia,1002,79206,Sastra Jerman,Aktif,S1,A,2019,8,209,01:26.1,humaniora,
Universitas Indonesia,1002,79205,Sastra Perancis,Aktif,S1,A,2019,6,194,01:32.3,humaniora,
Universitas Indonesia,1002,79207,Sastra Rusia,Aktif,S1,A,2019,10,157,01:15.7,humaniora,
Universitas Indonesia,1002,57201,Sistem Informasi,Aktif,S1,A,2019,16,212,01:13.3,teknik,
Universitas Indonesia,1002,69201,Sosiologi,Aktif,S1,A,2019,20,0,-,sosial,
Universitas Indonesia,1002,20201,Teknik Elektro,Aktif,S1,A,2019,13,568,01:43.7,teknik,
Universitas Indonesia,1002,26201,Teknik Industri,Aktif,S1,A,2019,13,589,01:45.3,teknik,
Universitas Indonesia,1002,24201,Teknik Kimia,Aktif,S1,A,2019,12,545,01:45.4,teknik,
Universitas Indonesia,1002,21201,Teknik Mesin,Aktif,S1,A,2019,14,566,01:40.4,teknik,
Universitas Indonesia,1002,36201,Teknik Perkapalan,Aktif,S1,A,2019,8,195,01:24.4,teknik,
Universitas Indonesia,1002,25202,Teknologi Bioproses,Aktif,S1,A,2019,8,206,01:25.8,teknik,
Universitas Indonesia,1002,60203,Bisnis Islam,Aktif,S1,B,2019,8,171,01:21.4,ekonomi,
Universitas Indonesia,1002,33201,Geofisika,Aktif,S1,B,2019,7,307,01:43.9,mipa,
Universitas Indonesia,1002,34201,Geologi,Aktif,S1,B,2019,10,314,01:31.4,mipa,
Universitas Indonesia,1002,94203,Ilmu Aktuaria,Aktif,S1,B,2019,8,1,01:00.1,mipa,
Universitas Indonesia,1002,13251,Kesehatan Lingkungan,Aktif,S1,B,2019,3,0,-,kesehatan,
Universitas Indonesia,1002,13241,Keselamatan dan Kesehatan Kerja,Aktif,S1,B,2019,6,0,-,kesehatan,
Universitas Indonesia,1002,49201,Statistika,Aktif,S1,B,2019,7,248,01:35.4,mipa,
Universitas Indonesia,1002,47201,Kimia,Aktif,S1,Unggul,2019,16,525,01:32.8,mipa,
Universitas Indonesia,1002,11410,Teknik Biomedik,Aktif,S1,Baik,2019,6,1,01:00.2,teknik,
Universitas Indonesia,1002,56201,Teknik Komputer,Aktif,S1,Unggul,2019,7,308,01:44.0,teknik,
Universitas Indonesia,1002,25201,Teknik Lingkungan,Aktif,S1,Unggul,2019,8,286,01:35.7,teknik,
Universitas Indonesia,1002,27201,Teknik Metalurgi dan Material,Aktif,S1,Unggul,2019,12,545,01:45.4,teknik,
Universitas Indonesia,1002,22201,Teknik Sipil,Aktif,S1,Unggul,2019,20,547,01:27.3,teknik,
Institut Teknologi Bandung,2001,90221,Desain Interior,Aktif,S1,A,2019,21,229,01:10.9,seni,
Institut Teknologi Bandung,2001,90241,Desain Komunikasi Visual,Aktif,S1,A,2019,18,284,01:15.8,seni,
Institut Teknologi Bandung,2001,90231,Desain Produk,Aktif,S1,A,2019,18,241,01:13.4,seni,
Institut Teknologi Bandung,2001,48202,Farmasi Klinik Dan Komunitas,Aktif,S1,A,2019,16,218,01:13.6,kesehatan,
Institut Teknologi Bandung,2001,94202,Kewirausahaan,Aktif,S1,A,2019,13,264,01:20.3,ekonomi,
Institut Teknologi Bandung,2001,90211,Kriya,Aktif,S1,A,2019,17,244,01:14.4,seni,
Institut Teknologi Bandung,2001,61201,Manajemen,Aktif,S1,A,2019,16,964,02:00.2,ekonomi,
Institut Teknologi Bandung,2001,33202,Meteorologi,Aktif,S1,A,2019,13,187,01:14.4,mipa,
Institut Teknologi Bandung,2001,54241,Oseanografi,Aktif,S1,A,2019,12,196,01:16.3,teknik,
Institut Teknologi Bandung,2001,46203,Rekayasa Hayati,Aktif,S1,A,2019,6,171,01:28.5,mipa,
Institut Teknologi Bandung,2001,54211,Rekayasa Pertanian,Aktif,S1,A,2019,15,242,01:16.1,pertanian,
Institut Teknologi Bandung,2001,48201,Sains Dan Teknologi Farmasi,Aktif,S1,A,2019,29,459,01:15.8,kesehatan,
Institut Teknologi Bandung,2001,90201,Seni Rupa,Aktif,S1,A,2019,38,199,01:05.2,seni,
Institut Teknologi Bandung,2001,11410,Teknik Biomedis,Aktif,S1,A,2019,9,134,01:14.9,teknik,
Institut Teknologi Bandung,2001,22104,Rekayasa Infrastruktur Lingkungan,Aktif,S1,B,2019,10,121,01:12.1,teknik,
Institut Teknologi Bandung,2001,54251,Rekayasa Kehutanan,Aktif,S1,B,2019,13,208,01:16.0,teknik,
Institut Teknologi Bandung,2001,21012,Teknik Bioenergi dan Kemurgi,Aktif,S1,B,2019,8,144,01:18.0,teknik,
Institut Teknologi Bandung,2001,54244,Teknik dan Pengelolaan Sumber Daya Air,Aktif,S1,B,2019,7,179,01:25.6,teknik,
Institut Teknologi Bandung,2001,41221,Teknik Pangan,Aktif,S1,B,2019,6,169,01:28.2,teknik,
Institut Teknologi Bandung,2001,41231,Teknologi Pasca Panen,Aktif,S1,B,2019,11,140,01:12.7,pertanian,
Institut Teknologi Bandung,2001,94203,Aktuaria,Aktif,S1,-,2019,0,101,-,mipa,
Institut Teknologi Bandung,2001,23201,Arsitektur,Aktif,S1,Unggul,2019,31,382,01:12.3,teknik,
Institut Teknologi Bandung,2001,50201,Astronomi,Aktif,S1,Unggul,2019,9,209,01:23.2,teknik,
Institut Teknologi Bandung,2001,46201,Biologi,Aktif,S1,Unggul,2019,23,350,01:15.2,mipa,
Institut Teknologi Bandung,2001,45201,Fisika,Aktif,S1,Unggul,2019,44,511,01:11.6,mipa,
Institut Teknologi Bandung,2001,47201,Kimia,Aktif,S1,Unggul,2019,36,442,01:12.3,mipa,
Institut Teknologi Bandung,2001,26202,Manajemen Rekayasa Industri,Aktif,S1,Unggul,2019,8,231,01:28.9,teknik,
Institut Teknologi Bandung,2001,44201,Matematika,Aktif,S1,Unggul,2019,45,477,01:10.6,mipa,
Institut Teknologi Bandung,2001,46202,Mikrobiologi,Aktif,S1,Unggul,2019,15,175,01:11.7,mipa,
Institut Teknologi Bandung,2001,35201,Perencanaan Wilayah Dan Kota,Aktif,S1,Unggul,2019,33,597,01:18.1,teknik,
Institut Teknologi Bandung,2001,59201,Sistem dan Teknologi Informasi,Aktif,S1,Unggul,2019,12,296,01:24.7,teknik,
Institut Teknologi Bandung,2001,40201,Teknik Dirgantara,Aktif,S1,Unggul,2019,21,414,01:19.7,teknik,
Institut Teknologi Bandung,2001,20201,Teknik Elektro,Aktif,S1,Unggul,2019,39,412,01:10.6,teknik,
Institut Teknologi Bandung,2001,30201,Teknik Fisika,Aktif,S1,Unggul,2019,18,368,01:20.4,teknik,
Institut Teknologi Bandung,2001,29201,Teknik Geodesi Dan Geomatika,Aktif,S1,Unggul,2019,24,431,01:18.0,teknik,
Institut Teknologi Bandung,2001,33201,Teknik Geofisika,Aktif,S1,Unggul,2019,19,335,01:17.6,teknik,
Institut Teknologi Bandung,2001,34201,Teknik Geologi,Aktif,S1,Unggul,2019,18,371,01:20.6,teknik,
Institut Teknologi Bandung,2001,26201,Teknik Industri,Aktif,S1,Unggul,2019,25,629,01:25.2,teknik,
Institut Teknologi Bandung,2001,55201,Teknik Informatika,Aktif,S1,Unggul,2019,30,730,01:24.3,teknik,
Institut Teknologi Bandung,2001,38201,Teknik Kelautan,Aktif,S1,Unggul,2019,15,359,01:23.9,teknik,
Institut Teknologi Bandung,2001,24201,Teknik Kimia,Aktif,S1,Unggul,2019,19,498,01:26.2,teknik,
Institut Teknologi Bandung,2001,25201,Teknik Lingkungan,Aktif,S1,Unggul,2019,23,447,01:19.4,teknik,
Institut Teknologi Bandung,2001,28201,Teknik Material,Aktif,S1,Unggul,2019,10,293,01:29.3,teknik,
Institut Teknologi Bandung,2001,21201,Teknik Mesin,Aktif,S1,Unggul,2019,33,846,01:25.6,teknik,
Institut Teknologi Bandung,2001,27201,Teknik Metalurgi,Aktif,S1,Unggul,2019,10,302,01:30.2,teknik,
Institut Teknologi Bandung,2001,32201,Teknik Perminyakan,Aktif,S1,Unggul,2019,7,402,01:57.4,teknik,
Institut Teknologi Bandung,2001,31201,Teknik Pertambangan,Aktif,S1,Unggul,2019,12,383,01:31.9,teknik,
Institut Teknologi Bandung,2001,22201,Teknik Sipil,Aktif,S1,Unggul,2019,38,653,01:17.2,teknik,
Institut Teknologi Bandung,2001,20202,Teknik Telekomunikasi,Aktif,S1,Unggul,2019,14,157,01:11.2,teknik,
Institut Teknologi Bandung,2001,20203,Teknik Tenaga Listrik,Aktif,S1,Unggul,2019,8,157,01:19.6,teknik,
Universitas Brawijaya,1019,63211,Administrasi Bisnis,Aktif,S1,A,2019,40,2129,01:53.2,ekonomi,
Universitas Brawijaya,1019,63201,Administrasi Publik,Aktif,S1,A,2019,38,1503,01:39.6,sosial,
Universitas Brawijaya,1019,54201,Agribisnis,Aktif,S1,A,2019,39,1670,01:42.8,pertanian,
Universitas Brawijaya,1019,54245,Agrobisnis Perikanan,Aktif,S1,A,2019,10,658,02:05.8,pertanian,
Universitas Brawijaya,1019,54211,Agroekoteknologi,Aktif,S1,A,2019,77,2845,01:37.0,pertanian,
Universitas Brawijaya,1019,62201,Akuntansi,Aktif,S1,A,2019,33,1174,01:35.6,ekonomi,
Universitas Brawijaya,1019,23201,Arsitektur,Aktif,S1,A,2019,22,599,01:27.2,teknik,
Universitas Brawijaya,1019,46201,Biologi,Aktif,S1,A,2019,15,475,01:31.7,mipa,
Universitas Brawijaya,1019,54207,Bioteknologi,Aktif,S1,A,2019,8,369,01:46.1,mipa,
Universitas Brawijaya,1019,54243,Budidaya Perairan,Aktif,S1,A,2019,16,568,01:35.5,pertanian,
Universitas Brawijaya,1019,60202,Ekonomi Islam,Aktif,S1,A,2019,14,567,01:40.5,ekonomi,
Universitas Brawijaya,1019,60201,Ekonomi Pembangunan,Aktif,S1,A,2019,16,682,01:42.6,ekonomi,
Universitas Brawijaya,1019,61206,"Ekonomi, Keuangan dan Perbankan",Aktif,S1,A,2019,7,485,02:09.3,ekonomi,
Universitas Brawijaya,1019,45201,Fisika,Aktif,S1,A,2019,8,381,01:47.6,mipa,
Universitas Brawijaya,1019,41231,Ilmu dan Teknologi Pangan,Aktif,S1,A,2019,20,624,01:31.2,pertanian,
Universitas Brawijaya,1019,13211,Ilmu Gizi,Aktif,S1,A,2019,18,419,01:23.3,kesehatan,
Universitas Brawijaya,1019,74201,Ilmu Hukum,Aktif,S1,A,2019,58,3064,01:52.8,humaniora,
Universitas Brawijaya,1019,54241,Ilmu Kelautan,Aktif,S1,A,2019,17,641,01:37.7,teknik,
Universitas Brawijaya,1019,14201,Ilmu Keperawatan,Aktif,S1,A,2019,20,380,01:19.0,kesehatan,
Universitas Brawijaya,1019,70201,Ilmu Komunikasi,Aktif,S1,A,2019,33,1198,01:36.3,sosial,
Universitas Brawijaya,1019,65201,Ilmu Pemerintahan,Aktif,S1,A,2019,17,719,01:42.3,sosial,
Universitas Brawijaya,1019,71201,Ilmu Perpustakaan,Aktif,S1,A,2019,7,239,01:34.1,humaniora,
Universitas Brawijaya,1019,15201,Kebidanan,Aktif,S1,A,2019,12,312,01:26.0,kesehatan,
Universitas Brawijaya,1019,11201,Kedokteran,Aktif,S1,A,2019,104,952,01:09.1,kesehatan,
Universitas Brawijaya,1019,47201,Kimia,Aktif,S1,A,2019,20,524,01:26.2,mipa,
Universitas Brawijaya,1019,61201,Manajemen,Aktif,S1,A,2019,28,1196,01:42.7,ekonomi,
Universitas Brawijaya,1019,54242,Manajemen Sumber Daya Perairan,Aktif,S1,A,2019,13,581,01:44.7,teknik,
Universitas Brawijaya,1019,44201,Matematika,Aktif,S1,A,2019,17,503,01:29.6,mipa,
Universitas Brawijaya,1019,93202,Pariwisata,Aktif,S1,A,2019,6,287,01:47.8,sosial,
Universitas Brawijaya,1019,54246,Pemanfaatan Sumber Daya Perikanan,Aktif,S1,A,2019,17,600,01:35.3,pertanian,
Universitas Brawijaya,1019,83207,Pendidikan Teknologi Informasi,Aktif,S1,A,2019,11,298,01:27.1,pendidikan,
Universitas Brawijaya,1019,35201,Perencanaan Wilayah Dan Kota,Aktif,S1,A,2019,25,642,01:25.7,teknik,
Universitas Brawijaya,1019,63221,Perpajakan,Aktif,S1,A,2019,13,675,01:51.9,ekonomi,
Universitas Brawijaya,1019,54231,Peternakan,Aktif,S1,A,2019,64,2894,01:45.2,pertanian,
Universitas Brawijaya,1019,79202,Sastra Inggris,Aktif,S1,A,2019,29,546,01:18.8,humaniora,
Universitas Brawijaya,1019,79204,Sastra Jepang,Aktif,S1,A,2019,12,485,01:40.4,humaniora,
Universitas Brawijaya,1019,57201,Sistem Informasi,Aktif,S1,A,2019,15,920,02:01.3,teknik,
Universitas Brawijaya,1019,69201,Sosiologi,Aktif,S1,A,2019,21,718,01:34.2,sosial,
Universitas Brawijaya,1019,49201,Statistika,Aktif,S1,A,2019,13,535,01:41.2,mipa,
Universitas Brawijaya,1019,26201,Teknik Industri,Aktif,S1,A,2019,35,780,01:22.3,teknik,
Universitas Brawijaya,1019,25201,Teknik Lingkungan,Aktif,S1,A,2019,13,451,01:34.7,teknik,
Universitas Brawijaya,1019,21201,Teknik Mesin,Aktif,S1,A,2019,23,643,01:28.0,teknik,
Universitas Brawijaya,1019,22202,Teknik Pengairan,Aktif,S1,A,2019,24,614,01:25.6,teknik,
Universitas Brawijaya,1019,41201,Teknik Pertanian,Aktif,S1,A,2019,11,592,01:53.8,teknik,
Universitas Brawijaya,1019,22201,Teknik Sipil,Aktif,S1,A,2019,27,563,01:20.9,teknik,
Universitas Brawijaya,1019,54244,Teknologi Hasil Perikanan,Aktif,S1,A,2019,18,612,01:34.0,pertanian,
Universitas Brawijaya,1019,41211,Teknologi Industri Pertanian,Aktif,S1,A,2019,27,991,01:36.7,pertanian,
Universitas Brawijaya,1019,86204,Administrasi Pendidikan,Aktif,S1,B,2019,6,212,01:35.3,sosial,
Universitas Brawijaya,1019,82201,Antropologi,Aktif,S1,B,2019,10,250,01:25.0,humaniora,
Universitas Brawijaya,1019,79205,Bahasa dan Sastra Prancis,Aktif,S1,B,2019,9,232,01:25.8,humaniora,
Universitas Brawijaya,1019,48201,Farmasi,Aktif,S1,B,2019,11,374,01:34.0,kesehatan,
Universitas Brawijaya,1019,64201,Hubungan Internasional,Aktif,S1,B,2019,25,1063,01:42.5,sosial,
Universitas Brawijaya,1019,67201,Ilmu Politik,Aktif,S1,B,2019,20,751,01:37.6,humaniora,
Universitas Brawijaya,1019,30202,Instrumentasi,Aktif,S1,B,2019,7,211,01:30.1,teknik,
Universitas Brawijaya,1019,94202,Kewirausahaan,Aktif,S1,B,2019,6,242,01:40.3,ekonomi,
Universitas Brawijaya,1019,88203,Pendidikan Bahasa Inggris,Aktif,S1,B,2019,19,577,01:30.4,pendidikan,
Universitas Brawijaya,1019,88201,Pendidikan Bahasa Dan Sastra Indonesia,Aktif,S1,B,2019,14,331,01:23.6,pendidikan,
Universitas Brawijaya,1019,88205,Pendidikan Bahasa Jepang,Aktif,S1,B,2019,8,261,01:32.6,pendidikan,
Universitas Brawijaya,1019,12201,Pendidikan Dokter Gigi,Aktif,S1,B,2019,33,388,01:11.8,kesehatan,
Universitas Brawijaya,1019,54261,Pendidikan Dokter Hewan,Aktif,S1,B,2019,31,717,01:23.1,kesehatan,
Universitas Brawijaya,1019,73201,Psikologi,Aktif,S1,B,2019,30,869,01:29.0,humaniora,
Universitas Brawijaya,1019,79209,Sastra Cina,Aktif,S1,B,2019,7,255,01:36.4,humaniora,
Universitas Brawijaya,1019,90201,Seni Rupa Murni,Aktif,S1,B,2019,9,209,01:23.2,seni,
Universitas Brawijaya,1019,33201,Teknik Geofisika,Aktif,S1,B,2019,5,298,01:59.6,teknik,
Universitas Brawijaya,1019,55201,Teknik Informatika,Aktif,S1,B,2019,44,2182,01:49.6,teknik,
Universitas Brawijaya,1019,24201,Teknik Kimia,Aktif,S1,B,2019,14,351,01:25.1,teknik,
Universitas Brawijaya,1019,56201,Teknik Komputer,Aktif,S1,B,2019,11,576,01:52.4,teknik,
Universitas Brawijaya,1019,59201,Teknologi Informasi,Aktif,S1,B,2019,9,300,01:33.3,teknik,
Universitas Brawijaya,1019,25202,Teknologi Bioproses,Aktif,S1,C,2019,10,257,01:25.7,teknik,
Universitas Brawijaya,1019,54290,Agribisnis (Kampus Kota Kediri),Aktif,S1,Baik,2019,5,58,01:11.6,pertanian,
Universitas Brawijaya,1019,54212,Agroekoteknologi (Kampus Kota Kediri),Aktif,S1,Baik,2019,11,58,01:05.3,pertanian,
Universitas Brawijaya,1019,54250,Akuakultur (Kampus Kota Kediri),Aktif,S1,Baik,2019,5,55,01:11.0,pertanian,
Universitas Brawijaya,1019,94203,Ilmu Aktuaria,Aktif,S1,-,2019,-,-,-,mipa,
Universitas Brawijaya,1019,54251,Kehutanan,Aktif,S1,-,2019,-,-,-,mipa,
Universitas Brawijaya,1019,54232,Peternakan (Kampus kota Kediri),Aktif,S1,Baik,2019,13,72,01:05.5,pertanian,
Universitas Brawijaya,1019,54249,Sosial Ekonomi Perikanan (Kampus Kota Kediri),Aktif,S1,Baik,2019,5,57,01:11.4,ekonomi,
Universitas Brawijaya,1019,20201,Teknik Elektro,Aktif,S1,Unggul,2019,36,738,01:20.5,teknik,
Institut Teknologi Sepuluh November,2002,23201,Arsitektur,Aktif,S1,A,2019,23,415,01:18.0,teknik,
Institut Teknologi Sepuluh November,2002,46201,Biologi,Aktif,S1,A,2019,23,316,01:13.7,mipa,
Institut Teknologi Sepuluh November,2002,90221,Desain Interior,Aktif,S1,A,2019,14,264,01:18.9,seni,
Institut Teknologi Sepuluh November,2002,90231,Desain Produk,Aktif,S1,A,2019,18,490,01:27.2,seni,
Institut Teknologi Sepuluh November,2002,45201,Fisika,Aktif,S1,A,2019,32,372,01:11.6,mipa,
Institut Teknologi Sepuluh November,2002,47201,Kimia,Aktif,S1,A,2019,26,401,01:15.4,mipa,
Institut Teknologi Sepuluh November,2002,44201,Matematika,Aktif,S1,A,2019,32,459,01:14.3,mipa,
Institut Teknologi Sepuluh November,2002,35201,Perencanaan Wilayah Dan Kota,Aktif,S1,A,2019,23,434,01:18.9,teknik,
Institut Teknologi Sepuluh November,2002,57201,Sistem Informasi,Aktif,S1,A,2019,29,646,01:22.3,teknik,
Institut Teknologi Sepuluh November,2002,49201,Statistika,Aktif,S1,A,2019,23,462,01:20.1,mipa,
Institut Teknologi Sepuluh November,2002,11410,Teknik Biomedik,Aktif,S1,A,2019,12,229,01:19.1,teknik,
Institut Teknologi Sepuluh November,2002,20201,Teknik Elektro,Aktif,S1,A,2019,34,813,01:23.9,teknik,
Institut Teknologi Sepuluh November,2002,30201,Teknik Fisika,Aktif,S1,A,2019,22,644,01:29.3,teknik,
Institut Teknologi Sepuluh November,2002,33201,Teknik Geofisika,Aktif,S1,A,2019,11,237,01:21.6,teknik,
Institut Teknologi Sepuluh November,2002,29202,Teknik Geomatika,Aktif,S1,A,2019,17,397,01:23.4,teknik,
Institut Teknologi Sepuluh November,2002,55201,Teknik Informatika,Aktif,S1,A,2019,34,815,01:24.0,teknik,
Institut Teknologi Sepuluh November,2002,24201,Teknik Kimia,Aktif,S1,A,2019,30,701,01:23.4,teknik,
Institut Teknologi Sepuluh November,2002,90243,Teknik Komputer,Aktif,S1,A,2019,17,292,01:17.2,teknik,
Institut Teknologi Sepuluh November,2002,25201,Teknik Lingkungan,Aktif,S1,A,2019,18,463,01:25.7,teknik,
Institut Teknologi Sepuluh November,2002,28201,Teknik Material,Aktif,S1,A,2019,18,524,01:29.1,teknik,
Institut Teknologi Sepuluh November,2002,21201,Teknik Mesin,Aktif,S1,A,2019,34,918,01:27.0,teknik,
Institut Teknologi Sepuluh November,2002,36201,Teknik Perkapalan,Aktif,S1,A,2019,23,506,01:22.0,teknik,
Institut Teknologi Sepuluh November,2002,22201,Teknik Sipil,Aktif,S1,A,2019,40,681,01:17.0,teknik,
Institut Teknologi Sepuluh November,2002,61205,Manajemen Bisnis,Aktif,S1,B,2019,17,480,01:28.2,ekonomi,
Institut Teknologi Sepuluh November,2002,90241,Desain Komunikasi Visual,Aktif,S1,-,2019,14,117,01:08.4,seni,
Institut Teknologi Sepuluh November,2002,94203,Sains Aktuaria,Aktif,S1,Baik,2019,7,136,01:19.4,mipa,
Institut Teknologi Sepuluh November,2002,60201,Studi Pembangunan,Aktif,S1,-,2019,10,57,01:05.7,teknik,
Institut Teknologi Sepuluh November,2002,26201,Teknik Industri,Aktif,S1,Unggul,2019,23,779,01:33.9,teknik,
Institut Teknologi Sepuluh November,2002,38201,Teknik Kelautan,Aktif,S1,Unggul,2019,24,505,01:21.0,teknik,
Institut Teknologi Sepuluh November,2002,36202,Teknik Sistem Perkapalan,Aktif,S1,Unggul,2019,19,681,01:35.8,teknik,
Institut Teknologi Sepuluh November,2002,21207,Teknik Transportasi Laut,Aktif,S1,Unggul,2019,12,254,01:21.2,teknik,
Institut Teknologi Sepuluh November,2002,59201,Teknologi Informasi,Aktif,S1,-,2019,6,93,01:15.5,teknik,
Universitas Hasanuddin,1005,63201,Administrasi Publik,Aktif,S1,A,2019,0,0,-,sosial,
Universitas Hasanuddin,1005,54201,Agribisnis,Aktif,S1,A,2019,24,558,01:23.3,pertanian,
Universitas Hasanuddin,1005,54245,Agrobisnis Perikanan,Aktif,S1,A,2019,8,251,01:31.4,pertanian,
Universitas Hasanuddin,1005,54211,Agroteknologi,Aktif,S1,A,2019,33,1049,01:31.8,pertanian,
Universitas Hasanuddin,1005,62201,Akuntansi,Aktif,S1,A,2019,23,561,01:24.4,ekonomi,
Universitas Hasanuddin,1005,82201,Antropologi,Aktif,S1,A,2019,8,213,01:26.6,humaniora,
Universitas Hasanuddin,1005,81201,Arkeologi,Aktif,S1,A,2019,6,79,01:13.2,humaniora,
Universitas Hasanuddin,1005,23201,Arsitektur,Aktif,S1,A,2019,18,439,01:24.4,teknik,
Universitas Hasanuddin,1005,46201,Biologi,Aktif,S1,A,2019,21,244,01:11.6,mipa,
Universitas Hasanuddin,1005,54243,Budidaya Perairan,Aktif,S1,A,2019,23,307,01:13.3,pertanian,
Universitas Hasanuddin,1005,60201,Ekonomi Pembangunan,Aktif,S1,A,2019,23,493,01:21.4,ekonomi,
Universitas Hasanuddin,1005,48201,Farmasi,Aktif,S1,A,2019,21,543,01:25.9,kesehatan,
Universitas Hasanuddin,1005,45201,Fisika,Aktif,S1,A,2019,5,183,01:36.6,mipa,
Universitas Hasanuddin,1005,33201,Geofisika,Aktif,S1,A,2019,11,239,01:21.7,mipa,
Universitas Hasanuddin,1005,41231,Ilmu dan Teknologi Pangan,Aktif,S1,A,2019,10,212,01:21.2,pertanian,
Universitas Hasanuddin,1005,63201,Ilmu Administrasi Negara,Aktif,S1,A,2019,19,260,01:13.7,sosial,
Universitas Hasanuddin,1005,13211,Ilmu Gizi,Aktif,S1,A,2019,14,245,01:17.5,kesehatan,
Universitas Hasanuddin,1005,64201,Ilmu Hubungan Internasional,Aktif,S1,A,2019,22,337,01:15.3,sosial,
Universitas Hasanuddin,1005,74201,Ilmu Hukum,Aktif,S1,A,2019,46,1692,01:36.8,humaniora,
Universitas Hasanuddin,1005,54241,Ilmu Kelautan,Aktif,S1,A,2019,30,477,01:15.9,teknik,
Universitas Hasanuddin,1005,14201,Ilmu Keperawatan,Aktif,S1,A,2019,21,328,01:15.6,kesehatan,
Universitas Hasanuddin,1005,70201,Ilmu Komunikasi,Aktif,S1,A,2019,14,345,01:24.6,sosial,
Universitas Hasanuddin,1005,65201,Ilmu Pemerintahan,Aktif,S1,A,2019,9,229,01:25.4,sosial,
Universitas Hasanuddin,1005,67201,Ilmu Politik,Aktif,S1,A,2019,9,192,01:21.3,humaniora,
Universitas Hasanuddin,1005,80201,Ilmu Sejarah,Aktif,S1,A,2019,7,65,01:09.3,humaniora,
Universitas Hasanuddin,1005,11201,Kedokteran,Aktif,S1,A,2019,100,855,01:08.6,kesehatan,
Universitas Hasanuddin,1005,54251,Kehutanan,Aktif,S1,A,2019,31,713,01:23.0,mipa,
Universitas Hasanuddin,1005,13201,Kesehatan Masyarakat,Aktif,S1,A,2019,34,777,01:22.9,kesehatan,
Universitas Hasanuddin,1005,47201,Kimia,Aktif,S1,A,2019,20,274,01:13.7,mipa,
Universitas Hasanuddin,1005,61201,Manajemen,Aktif,S1,A,2019,19,624,01:32.8,ekonomi,
Universitas Hasanuddin,1005,54242,Manajemen Sumber Daya Perairan,Aktif,S1,A,2019,19,290,01:15.3,teknik,
Universitas Hasanuddin,1005,44201,Matematika,Aktif,S1,A,2019,9,179,01:19.9,mipa,
Universitas Hasanuddin,1005,54246,Pemanfaatan Sumber Daya Perikanan,Aktif,S1,A,2019,16,280,01:17.5,pertanian,
Universitas Hasanuddin,1005,12201,Pendidikan Dokter Gigi,Aktif,S1,A,2019,38,394,01:10.4,kesehatan,
Universitas Hasanuddin,1005,35201,Perencanaan Wilayah Dan Kota,Aktif,S1,A,2019,15,305,01:20.3,teknik,
Universitas Hasanuddin,1005,54231,Peternakan,Aktif,S1,A,2019,53,700,01:13.2,pertanian,
Universitas Hasanuddin,1005,73201,Psikologi,Aktif,S1,A,2019,17,296,01:17.4,humaniora,
Universitas Hasanuddin,1005,79203,Sastra Arab,Aktif,S1,A,2019,16,167,01:10.4,humaniora,
Universitas Hasanuddin,1005,79201,Sastra Indonesia,Aktif,S1,A,2019,9,198,01:22.0,humaniora,
Universitas Hasanuddin,1005,79202,Sastra Inggris,Aktif,S1,A,2019,11,361,01:32.8,humaniora,
Universitas Hasanuddin,1005,79204,Sastra Jepang,Aktif,S1,A,2019,8,173,01:21.6,humaniora,
Universitas Hasanuddin,1005,54245,Sosial Ekonomi Perikanan,Aktif,S1,A,2019,0,0,-,ekonomi,
Universitas Hasanuddin,1005,69201,Sosiologi,Aktif,S1,A,2019,19,217,01:11.4,sosial,
Universitas Hasanuddin,1005,49201,Statistika,Aktif,S1,A,2019,8,252,01:31.5,mipa,
Universitas Hasanuddin,1005,20201,Teknik Elektro,Aktif,S1,A,2019,18,349,01:19.4,teknik,
Universitas Hasanuddin,1005,34201,Teknik Geologi,Aktif,S1,A,2019,12,285,01:23.7,teknik,
Universitas Hasanuddin,1005,26201,Teknik Industri,Aktif,S1,A,2019,10,255,01:25.5,teknik,
Universitas Hasanuddin,1005,55201,Teknik Informatika,Aktif,S1,A,2019,15,349,01:23.3,teknik,
Universitas Hasanuddin,1005,38201,Teknik Kelautan,Aktif,S1,A,2019,12,178,01:14.8,teknik,
Universitas Hasanuddin,1005,25201,Teknik Lingkungan,Aktif,S1,A,2019,10,247,01:24.7,teknik,
Universitas Hasanuddin,1005,21201,Teknik Mesin,Aktif,S1,A,2019,18,382,01:21.2,teknik,
Universitas Hasanuddin,1005,36201,Teknik Perkapalan,Aktif,S1,A,2019,12,281,01:23.4,teknik,
Universitas Hasanuddin,1005,41201,Teknik Pertanian,Aktif,S1,A,2019,11,284,01:25.8,teknik,
Universitas Hasanuddin,1005,22201,Teknik Sipil,Aktif,S1,A,2019,26,494,01:19.0,teknik,
Universitas Hasanuddin,1005,36202,Teknik Sistem Perkapalan,Aktif,S1,A,2019,13,225,01:17.3,teknik,
Universitas Hasanuddin,1005,11202,Fisioterapi,Aktif,S1,B,2019,2,171,02:25.5,kesehatan,
Universitas Hasanuddin,1005,74235,Hukum Administrasi Negara,Aktif,S1,B,2019,8,402,01:50.3,humaniora,
Universitas Hasanuddin,1005,57201,Ilmu Komputer,Aktif,S1,B,2019,7,224,01:32.0,teknik,
Universitas Hasanuddin,1005,54261,Kedokteran Hewan,Aktif,S1,B,2019,17,152,01:08.9,kesehatan,
Universitas Hasanuddin,1005,79211,Sastra Daerah,Aktif,S1,B,2019,5,144,01:28.8,humaniora,
Universitas Hasanuddin,1005,79205,Sastra Perancis,Aktif,S1,B,2019,9,133,01:14.8,humaniora,
Universitas Hasanuddin,1005,31201,Teknik Pertambangan,Aktif,S1,B,2019,8,236,01:29.5,teknik,
Universitas Hasanuddin,1005,94203,Aktuaria,Aktif,S1,-,2019,3,16,01:05.3,mipa,
Universitas Hasanuddin,1005,79214,Bahasa Mandarin dan Kebudayaan Tiongkok,Aktif,S1,Baik,2019,10,40,01:04.0,humaniora,
Universitas Hasanuddin,1005,54294,Ilmu Tanah,Aktif,S1,-,2019,-,-,-,mipa,
Universitas Hasanuddin,1005,54256,Konservasi Hutan,Aktif,S1,-,2019,-,-,-,teknik,
Universitas Hasanuddin,1005,86207,Pendidikan Guru Pendidikan Anak Usia Dini,Tutup,S1,-,2019,0,0,-,pendidikan,
Universitas Hasanuddin,1005,54252,Rekayasa Kehutanan,Aktif,S1,-,2019,-,-,-,teknik,
